game_id,season,week,kickoff,home_id,away_id,home_name,away_name,pred_margin,p_home,pred_total,mkt_spread,mkt_total,logged_at,late
401871090,2026,6,2026-10-07T00:00Z,2653,2572,Troy,Southern Miss,6.58,0.6686,51,-10.5,49.5,2026-10-05T13:24Z,FALSE
401871051,2026,6,2026-10-07T23:00Z,338,55,Kennesaw State,Jacksonville State,-0.34,0.491,50.6,3,50.5,2026-10-05T13:24Z,FALSE
401871066,2026,6,2026-10-07T23:30Z,2229,166,Florida International,New Mexico State,3.97,0.6037,47.5,-5.5,46.5,2026-10-05T13:24Z,FALSE
401870766,2026,6,2026-10-08T23:00Z,2335,2534,Liberty,Sam Houston,12.73,0.8006,51.1,-13.5,52.5,2026-10-05T13:24Z,FALSE
401871052,2026,6,2026-10-08T23:00Z,98,2623,Western Kentucky,Missouri State,2.34,0.5617,56,-2.5,55.5,2026-10-05T13:24Z,FALSE
401862794,2026,6,2026-10-08T23:30Z,2636,58,UTSA,South Florida,3.89,0.6018,54.7,-7,52.5,2026-10-05T13:24Z,FALSE
401869933,2026,6,2026-10-08T23:30Z,2032,6,Arkansas State,South Alabama,2.09,0.5551,60.2,-1.5,57.5,2026-10-05T13:24Z,FALSE
401858254,2026,6,2026-10-09T23:00Z,97,52,Louisville,Florida State,1.37,0.5361,61.7,-4.5,59.5,2026-10-05T13:24Z,FALSE
401858487,2026,6,2026-10-10T01:00Z,264,2294,Washington,Iowa,-2.06,0.4458,45.7,-2.5,41.5,2026-10-05T13:24Z,FALSE
401860922,2026,6,2026-10-10T01:00Z,328,265,Utah State,Washington State,3.02,0.5794,45.3,-4,43.5,2026-10-05T13:24Z,FALSE
401864519,2026,6,2026-10-10T01:00Z,23,2751,San José State,Wyoming,5.49,0.6421,45.9,-7,43.5,2026-10-05T13:24Z,FALSE
401856826,2026,6,2026-10-10T02:15Z,252,66,BYU,Iowa State,9.62,0.7381,51.9,-10.5,48.5,2026-10-05T13:24Z,FALSE
401858481,2026,6,2026-10-10T16:00Z,158,84,Nebraska,Indiana,-4.91,0.3724,52.8,7,52.5,2026-10-05T13:24Z,FALSE
401856716,2026,6,2026-10-10T16:00Z,142,245,Missouri,Texas A&M,0.3,0.5079,52.1,-3.5,48.5,2026-10-05T13:24Z,FALSE
401856824,2026,6,2026-10-10T16:00Z,197,2116,Oklahoma State,UCF,1.96,0.5518,51.7,-10,53.5,2026-10-05T13:24Z,FALSE
401858256,2026,6,2026-10-10T16:00Z,221,153,Pittsburgh,North Carolina,12.33,0.7931,52.2,-4.5,47.5,2026-10-05T13:24Z,FALSE
401856823,2026,6,2026-10-10T16:00Z,277,12,West Virginia,Arizona,-9.03,0.2747,61.6,3,60.5,2026-10-05T13:24Z,FALSE
401858260,2026,6,2026-10-10T16:00Z,152,154,NC State,Wake Forest,-0.73,0.4808,59.5,3.5,60.5,2026-10-05T13:24Z,FALSE
401862795,2026,6,2026-10-10T16:00Z,349,2655,Army,Tulane,5.54,0.6432,49,-3,46.5,2026-10-05T13:24Z,FALSE
401866436,2026,6,2026-10-10T16:00Z,189,16,Bowling Green,Sacramento State,6.62,0.6696,45.2,-7.5,42.5,2026-10-05T13:24Z,FALSE
401858482,2026,6,2026-10-10T16:30Z,77,2050,Northwestern,Ball State,35.55,0.9908,55.5,-36.5,52.5,2026-10-05T13:24Z,FALSE
401856714,2026,6,2026-10-10T16:45Z,57,2579,Florida,South Carolina,11,0.7671,62.7,-14,62.5,2026-10-05T13:24Z,FALSE
401869843,2026,6,2026-10-10T17:00Z,2026,295,App State,Old Dominion,6.24,0.6604,52,-9.5,50.5,2026-10-05T13:24Z,FALSE
401866440,2026,6,2026-10-10T18:00Z,113,193,Massachusetts,Miami (OH),-2.38,0.4373,51.8,2.5,47.5,2026-10-05T13:24Z,FALSE
401856717,2026,6,2026-10-10T19:30Z,201,251,Oklahoma,Texas,-11.05,0.2319,43,8.5,39.5,2026-10-05T13:24Z,FALSE
401858257,2026,6,2026-10-10T19:30Z,87,24,Notre Dame,Stanford,44.72,0.9985,53.4,-37.5,53.5,2026-10-05T13:24Z,FALSE
401856718,2026,6,2026-10-10T19:30Z,238,145,Vanderbilt,Ole Miss,-4.44,0.3844,58.6,10,59.5,2026-10-05T13:24Z,FALSE
401858484,2026,6,2026-10-10T19:30Z,2483,26,Oregon,UCLA,12.65,0.7991,61.5,-11.5,59.5,2026-10-05T13:24Z,FALSE
401856825,2026,6,2026-10-10T19:30Z,2306,248,Kansas State,Houston,1.5,0.5396,60.8,-2.5,55.5,2026-10-05T13:24Z,FALSE
401858255,2026,6,2026-10-10T19:30Z,59,150,Georgia Tech,Duke,-3.01,0.421,54.2,7,49.5,2026-10-05T13:24Z,FALSE
401858259,2026,6,2026-10-10T19:30Z,25,259,California,Virginia Tech,-8.81,0.2796,59.6,9.5,53.5,2026-10-05T13:24Z,FALSE
401858480,2026,6,2026-10-10T19:30Z,127,356,Michigan State,Illinois,2.78,0.573,51.5,3.5,49.5,2026-10-05T13:24Z,FALSE
401862796,2026,6,2026-10-10T19:30Z,249,2429,North Texas,Charlotte,30.46,0.9782,64.6,-27.5,59.5,2026-10-05T13:24Z,FALSE
401862799,2026,6,2026-10-10T19:30Z,2426,202,Navy,Tulsa,0.48,0.5127,49.2,-2.5,49.5,2026-10-05T13:24Z,FALSE
401866435,2026,6,2026-10-10T19:30Z,2006,2199,Akron,Eastern Michigan,-2.9,0.4238,53.7,6.5,50.5,2026-10-05T13:24Z,FALSE
401866437,2026,6,2026-10-10T19:30Z,2649,2084,Toledo,Buffalo,26.27,0.9592,59.9,-19.5,54.5,2026-10-05T13:24Z,FALSE
401866438,2026,6,2026-10-10T19:30Z,195,2117,Ohio,Central Michigan,6.76,0.673,49.7,-3.5,46.5,2026-10-05T13:24Z,FALSE
401866439,2026,6,2026-10-10T19:30Z,2711,2309,Western Michigan,Kent State,18.36,0.8882,46.5,-13.5,43.5,2026-10-05T13:24Z,FALSE
401861964,2026,6,2026-10-10T19:45Z,218,41,Temple,UConn,2.35,0.5619,58,-4.5,54.5,2026-10-05T13:24Z,FALSE
401862797,2026,6,2026-10-10T20:00Z,151,242,East Carolina,Rice,12.69,0.8,48.9,-10,49.5,2026-10-05T13:24Z,FALSE
401858483,2026,6,2026-10-10T20:15Z,194,120,Ohio State,Maryland,35.11,0.99,56.4,-34.5,56.5,2026-10-05T13:24Z,FALSE
401856713,2026,6,2026-10-10T20:15Z,8,2633,Arkansas,Tennessee,-14.14,0.1743,54.7,13.5,50.5,2026-10-05T13:24Z,FALSE
401860902,2026,6,2026-10-10T22:00Z,204,21,Oregon State,San Diego State,10.13,0.749,51.4,-14,56.5,2026-10-05T13:24Z,FALSE
401856715,2026,6,2026-10-10T23:00Z,96,99,Kentucky,LSU,-12.74,0.1993,54.3,10,54.5,2026-10-05T13:24Z,FALSE
401862798,2026,6,2026-10-10T23:00Z,235,5,Memphis,UAB,20.57,0.9136,57.3,-14.5,58.5,2026-10-05T13:24Z,FALSE
401864517,2026,6,2026-10-10T23:00Z,2638,2440,UTEP,Nevada,-7.18,0.317,53.2,9.5,49.5,2026-10-05T13:24Z,FALSE
401864518,2026,6,2026-10-10T23:00Z,2439,2449,UNLV,North Dakota State,-1.45,0.4618,48.5,3,49.5,2026-10-05T13:24Z,FALSE
401869943,2026,6,2026-10-10T23:00Z,276,324,Marshall,Coastal Carolina,1.7,0.5448,58.3,-3,57.5,2026-10-05T13:24Z,FALSE
401856712,2026,6,2026-10-10T23:30Z,333,61,Alabama,Georgia,2.69,0.5708,59.8,-1.5,55.5,2026-10-05T13:24Z,FALSE
401858485,2026,6,2026-10-10T23:30Z,213,30,Penn State,USC,0.77,0.5203,56.1,-1.5,54.5,2026-10-05T13:24Z,FALSE
401858258,2026,6,2026-10-10T23:30Z,258,183,Virginia,Syracuse,7.64,0.6937,53.4,-9.5,50.5,2026-10-05T13:24Z,FALSE
401864516,2026,6,2026-10-10T23:30Z,2459,2005,Northern Illinois,Air Force,-8.2,0.2934,52,10,47.5,2026-10-05T13:24Z,FALSE
401869949,2026,6,2026-10-10T23:30Z,290,256,Georgia Southern,James Madison,-14.45,0.169,55.6,8.5,53.5,2026-10-05T13:24Z,FALSE
401869965,2026,6,2026-10-10T23:30Z,2348,309,Louisiana Tech,Louisiana,6.16,0.6584,52.5,-2.5,48.5,2026-10-05T13:24Z,FALSE
401858486,2026,6,2026-10-11T00:00Z,2509,135,Purdue,Minnesota,-5.52,0.3573,54,2.5,51.5,2026-10-05T13:24Z,FALSE
401856808,2026,6,2026-10-11T01:30Z,9,62,Arizona State,Hawai'i,20,0.9075,55,-21,51.5,2026-10-05T13:24Z,FALSE
401856827,2026,6,2026-10-11T02:15Z,254,2305,Utah,Kansas,17.7,0.8796,57.5,,52.5,2026-10-05T13:24Z,FALSE
401860901,2026,6,2026-10-11T02:30Z,278,68,Fresno State,Boise State,-9.69,0.2603,49.7,4.5,48.5,2026-10-05T13:24Z,FALSE
401871067,2026,7,2026-10-13T23:00Z,2393,48,Middle Tennessee,Delaware,-2.6,0.4316,52.3,,,2026-10-05T13:24Z,FALSE
401871053,2026,7,2026-10-14T00:00Z,55,2229,Jacksonville State,Florida International,4.35,0.6135,47.6,,,2026-10-05T13:24Z,FALSE
401871054,2026,7,2026-10-14T23:30Z,2623,338,Missouri State,Kennesaw State,-1.6,0.4577,51.8,,,2026-10-05T13:24Z,FALSE
